{
  "format": "layers-model",
  "generatedBy": "keras v3.10.0",
  "convertedBy": "TensorFlow.js Converter v4.22.0",
  "modelTopology": {
    "keras_version": "3.10.0",
    "backend": "tensorflow",
    "model_config": {
      "class_name": "Sequential",
      "config": {
        "name": "sequential",
        "trainable": true,
        "dtype": {
          "module": "keras",
          "class_name": "DTypePolicy",
          "config": {
            "name": "float32"
          },
          "registered_name": null
        },
        "layers": [
          {
            "class_name": "InputLayer",
            "config": {
              "batch_shape": [
                null,
                624,
                129,
                1
              ],
              "dtype": "float32",
              "sparse": false,
              "ragged": false,
              "name": "input_spectrogram",
              "batchInputShape": [
                null,
                624,
                129,
                1
              ]
            }
          },
          {
            "class_name": "Conv2D",
            "config": {
              "name": "conv2d",
              "trainable": true,
              "dtype": {
                "module": "keras",
                "class_name": "DTypePolicy",
                "config": {
                  "name": "float32"
                },
                "registered_name": null
              },
              "filters": 16,
              "kernel_size": [
                3,
                3
              ],
              "strides": [
                1,
                1
              ],
              "padding": "valid",
              "data_format": "channels_last",
              "dilation_rate": [
                1,
                1
              ],
              "groups": 1,
              "activation": "relu",
              "use_bias": true,
              "kernel_initializer": {
                "module": "keras.initializers",
                "class_name": "GlorotUniform",
                "config": {
                  "seed": null
                },
                "registered_name": null
              },
              "bias_initializer": {
                "module": "keras.initializers",
                "class_name": "Zeros",
                "config": {},
                "registered_name": null
              },
              "kernel_regularizer": null,
              "bias_regularizer": null,
              "activity_regularizer": null,
              "kernel_constraint": null,
              "bias_constraint": null
            }
          },
          {
            "class_name": "MaxPooling2D",
            "config": {
              "name": "max_pooling2d",
              "trainable": true,
              "dtype": {
                "module": "keras",
                "class_name": "DTypePolicy",
                "config": {
                  "name": "float32"
                },
                "registered_name": null
              },
              "pool_size": [
                2,
                2
              ],
              "padding": "valid",
              "strides": [
                2,
                2
              ],
              "data_format": "channels_last"
            }
          },
          {
            "class_name": "Conv2D",
            "config": {
              "name": "conv2d_1",
              "trainable": true,
              "dtype": {
                "module": "keras",
                "class_name": "DTypePolicy",
                "config": {
                  "name": "float32"
                },
                "registered_name": null
              },
              "filters": 32,
              "kernel_size": [
                3,
                3
              ],
              "strides": [
                1,
                1
              ],
              "padding": "valid",
              "data_format": "channels_last",
              "dilation_rate": [
                1,
                1
              ],
              "groups": 1,
              "activation": "relu",
              "use_bias": true,
              "kernel_initializer": {
                "module": "keras.initializers",
                "class_name": "GlorotUniform",
                "config": {
                  "seed": null
                },
                "registered_name": null
              },
              "bias_initializer": {
                "module": "keras.initializers",
                "class_name": "Zeros",
                "config": {},
                "registered_name": null
              },
              "kernel_regularizer": null,
              "bias_regularizer": null,
              "activity_regularizer": null,
              "kernel_constraint": null,
              "bias_constraint": null
            }
          },
          {
            "class_name": "MaxPooling2D",
            "config": {
              "name": "max_pooling2d_1",
              "trainable": true,
              "dtype": {
                "module": "keras",
                "class_name": "DTypePolicy",
                "config": {
                  "name": "float32"
                },
                "registered_name": null
              },
              "pool_size": [
                2,
                2
              ],
              "padding": "valid",
              "strides": [
                2,
                2
              ],
              "data_format": "channels_last"
            }
          },
          {
            "class_name": "Conv2D",
            "config": {
              "name": "conv2d_2",
              "trainable": true,
              "dtype": {
                "module": "keras",
                "class_name": "DTypePolicy",
                "config": {
                  "name": "float32"
                },
                "registered_name": null
              },
              "filters": 64,
              "kernel_size": [
                3,
                3
              ],
              "strides": [
                1,
                1
              ],
              "padding": "valid",
              "data_format": "channels_last",
              "dilation_rate": [
                1,
                1
              ],
              "groups": 1,
              "activation": "relu",
              "use_bias": true,
              "kernel_initializer": {
                "module": "keras.initializers",
                "class_name": "GlorotUniform",
                "config": {
                  "seed": null
                },
                "registered_name": null
              },
              "bias_initializer": {
                "module": "keras.initializers",
                "class_name": "Zeros",
                "config": {},
                "registered_name": null
              },
              "kernel_regularizer": null,
              "bias_regularizer": null,
              "activity_regularizer": null,
              "kernel_constraint": null,
              "bias_constraint": null
            }
          },
          {
            "class_name": "MaxPooling2D",
            "config": {
              "name": "max_pooling2d_2",
              "trainable": true,
              "dtype": {
                "module": "keras",
                "class_name": "DTypePolicy",
                "config": {
                  "name": "float32"
                },
                "registered_name": null
              },
              "pool_size": [
                2,
                2
              ],
              "padding": "valid",
              "strides": [
                2,
                2
              ],
              "data_format": "channels_last"
            }
          },
          {
            "class_name": "Flatten",
            "config": {
              "name": "flatten",
              "trainable": true,
              "dtype": {
                "module": "keras",
                "class_name": "DTypePolicy",
                "config": {
                  "name": "float32"
                },
                "registered_name": null
              },
              "data_format": "channels_last"
            }
          },
          {
            "class_name": "Dense",
            "config": {
              "name": "dense",
              "trainable": true,
              "dtype": {
                "module": "keras",
                "class_name": "DTypePolicy",
                "config": {
                  "name": "float32"
                },
                "registered_name": null
              },
              "units": 128,
              "activation": "relu",
              "use_bias": true,
              "kernel_initializer": {
                "module": "keras.initializers",
                "class_name": "GlorotUniform",
                "config": {
                  "seed": null
                },
                "registered_name": null
              },
              "bias_initializer": {
                "module": "keras.initializers",
                "class_name": "Zeros",
                "config": {},
                "registered_name": null
              },
              "kernel_regularizer": null,
              "bias_regularizer": null,
              "kernel_constraint": null,
              "bias_constraint": null
            }
          },
          {
            "class_name": "Dropout",
            "config": {
              "name": "dropout",
              "trainable": true,
              "dtype": {
                "module": "keras",
                "class_name": "DTypePolicy",
                "config": {
                  "name": "float32"
                },
                "registered_name": null
              },
              "rate": 0.3,
              "seed": null,
              "noise_shape": null
            }
          },
          {
            "class_name": "Dense",
            "config": {
              "name": "output",
              "trainable": true,
              "dtype": {
                "module": "keras",
                "class_name": "DTypePolicy",
                "config": {
                  "name": "float32"
                },
                "registered_name": null
              },
              "units": 5,
              "activation": "softmax",
              "use_bias": true,
              "kernel_initializer": {
                "module": "keras.initializers",
                "class_name": "GlorotUniform",
                "config": {
                  "seed": null
                },
                "registered_name": null
              },
              "bias_initializer": {
                "module": "keras.initializers",
                "class_name": "Zeros",
                "config": {},
                "registered_name": null
              },
              "kernel_regularizer": null,
              "bias_regularizer": null,
              "kernel_constraint": null,
              "bias_constraint": null
            }
          }
        ],
        "build_input_shape": [
          null,
          624,
          129,
          1
        ]
      }
    },
    "training_config": {
      "loss": "sparse_categorical_crossentropy",
      "loss_weights": null,
      "metrics": [
        "accuracy"
      ],
      "weighted_metrics": null,
      "run_eagerly": false,
      "steps_per_execution": 1,
      "jit_compile": false,
      "optimizer_config": {
        "class_name": "Adam",
        "config": {
          "name": "adam",
          "learning_rate": 0.0010000000474974513,
          "weight_decay": null,
          "clipnorm": null,
          "global_clipnorm": null,
          "clipvalue": null,
          "use_ema": false,
          "ema_momentum": 0.99,
          "ema_overwrite_frequency": null,
          "loss_scale_factor": null,
          "gradient_accumulation_steps": null,
          "beta_1": 0.9,
          "beta_2": 0.999,
          "epsilon": 1e-07,
          "amsgrad": false
        }
      }
    }
  },
  "weightsManifest": [
    {
      "paths": [
        "group1-shard1of9.bin",
        "group1-shard2of9.bin",
        "group1-shard3of9.bin",
        "group1-shard4of9.bin",
        "group1-shard5of9.bin",
        "group1-shard6of9.bin",
        "group1-shard7of9.bin",
        "group1-shard8of9.bin",
        "group1-shard9of9.bin"
      ],
      "weights": [
        {
          "name": "conv2d/kernel",
          "shape": [
            3,
            3,
            1,
            16
          ],
          "dtype": "float32"
        },
        {
          "name": "conv2d/bias",
          "shape": [
            16
          ],
          "dtype": "float32"
        },
        {
          "name": "conv2d_1/kernel",
          "shape": [
            3,
            3,
            16,
            32
          ],
          "dtype": "float32"
        },
        {
          "name": "conv2d_1/bias",
          "shape": [
            32
          ],
          "dtype": "float32"
        },
        {
          "name": "conv2d_2/kernel",
          "shape": [
            3,
            3,
            32,
            64
          ],
          "dtype": "float32"
        },
        {
          "name": "conv2d_2/bias",
          "shape": [
            64
          ],
          "dtype": "float32"
        },
        {
          "name": "dense/kernel",
          "shape": [
            68096,
            128
          ],
          "dtype": "float32"
        },
        {
          "name": "dense/bias",
          "shape": [
            128
          ],
          "dtype": "float32"
        },
        {
          "name": "output/kernel",
          "shape": [
            128,
            5
          ],
          "dtype": "float32"
        },
        {
          "name": "output/bias",
          "shape": [
            5
          ],
          "dtype": "float32"
        }
      ]
    }
  ]
}